#,الاسم,النوع,التقييم,عدد المراجعات,الهاتف,الموقع التقريبي,موقع إلكتروني؟,زاوية البيع (ليش يحتاجونه)
1,Andalusia Clinics - عيادات أندلسية,أسنان/جلدية (سلسلة),4.0,2580,012 216 6637,جدة - رقم 4017,نعم,حجم مرضى ضخم وتقييم 4.0 — شكاوى تعامل/انتظار متكررة؛ الاستقبال مو قادر يلحق
2,عيادات الشاكرين - فرع السنابل,أسنان/جلدية (فروع),4.1,2304,012 638 5333,السنابل,نعم,فروع متعددة + 2300 مراجعة — خط الهاتف مزدحم؛ بوت واحد يخدم كل الفروع
3,مجمع درة العالمي لطب الأسنان,أسنان (مجمع),4.6,1791,055 533 9982,الأمير ماجد,لا,حجم كبير وبدون موقع إلكتروني — حضور رقمي ضعيف؛ فرصة قوية
4,مجمع عائلتي الطبي,مجمع طبي (24 ساعة),3.4,1656,050 163 6633,حديقة الأجاويد - شارع سعيد بن ثابت,نعم,مفتوح 24 ساعة وتقييم 3.4 — ألم استقبال واضح؛ أقوى زاوية بيع
5,ابتسامه النجوم,أسنان,4.4,1455,9200 06776,حي سيد الشهداء,نعم,رقم موحّد 9200 + حجم عالي — مكالمات ضائعة بعد الدوام
6,عيادات البدر الرابع أسنان وجلدية,أسنان/جلدية (مستشفى),4.1,1486,9200 16674,شارع 52 امتداد مخطط,نعم,تخصصين وحجم كبير — جدولة معقدة يصعب على موظف واحد
7,عيادات بسمتي,أسنان (كل التخصصات),5.0,1054,012 617 7778,طريق الأمير محمد بن عبدالعزيز,نعم,تقييم ممتاز + نمو سريع — يبون يحافظون على الخدمة مع زيادة الطلب
8,مركز الطبابة,مركز طبي,4.6,1584,012 510 8000,شارع التحلية,نعم,موقع تحلية مزدحم + إعلانات مدفوعة (وضع نمو) — يحتاجون أتمتة الحجز
9,مجمع اليقين لطب وتقويم الأسنان التخصصي,أسنان/تقويم (مجمع),4.7,887,054 656 0892,-,نعم,تقويم أسنان = مواعيد متابعة كثيرة ومتكررة — تذكير آلي يوفّر وقت كبير
10,عيادات جذور الأسنان RootsDental,أسنان,4.8,841,053 948 8010,الروضة - شارع الأمير سعود الفيصل,نعم,يصرفون على إعلانات جوجل بكثافة — وضع اكتساب عملاء؛ مستعدين يدفعون لأدوات
11,عيادات سابا الصفا,عيادة طبية (24 ساعة),4.6,8924,9200 08470,الصفا,نعم,~9000 مراجعة و24 ساعة — أعلى ضغط استقبال في القائمة
12,دكتورة أسماء حجازي (جلدية وتجميل),جلدية/تجميل,4.7,2211,056 746 0080,مركز بن حمران - طريق الأمير محمد بن عبدالعزيز,نعم,طلب تجميلي عالي + رقم جوال شخصي — الرسائل تتكدّس؛ يحتاجون فرز آلي
13,عيادات الدكتورة مها دحلان,عناية بالبشرة,4.8,1288,9200 07515,مركز بن حمران - التحلية,نعم,جلسات ليزر/بشرة متكررة — حجز وتذكير الجلسات يستهلك الاستقبال
14,عيادة كوزموديرم,عناية بالبشرة/جلدية,4.8,937,055 704 0333,سعود الفيصل,نعم,طلب عالي على طبيب محدد — طابور انتظار للمواعيد؛ Waitlist آلي مفيد
15,عيادة الليزر,جلدية/ليزر,4.2,511,050 870 0701,شارع فلسطين,لا,رقم جوال واحد وبدون موقع — كل الحجز يدوي عبر الجوال؛ فرصة واضحة
